{
  "name": "datatables.net-keytable",
  "description": "KeyTable for DataTables ",
  "main": [
    "js/dataTables.keyTable.js"
  ],
  "keywords": [
    "spreadsheet",
    "excel",
    "keyboard",
    "DataTables",
    "jQuery",
    "table",
    "DataTables"
  ],
  "dependencies": {
    "jquery": ">=1.7",
    "datatables.net": ">=1.10.9"
  },
  "moduleType": [
    "globals",
    "amd",
    "node"
  ],
  "ignore": [
    "composer.json",
    "datatables.json",
    "package.json"
  ],
  "authors": [
    {
      "name": "SpryMedia Ltd",
      "homepage": "https://datatables.net"
    }
  ],
  "homepage": "https://datatables.net",
  "license": "MIT",
  "version": "2.1.1",
  "_release": "2.1.1",
  "_resolution": {
    "type": "version",
    "tag": "2.1.1",
    "commit": "f9c46e3c3285a2a2f3fe0e40e204e39b247f4ce7"
  },
  "_source": "https://github.com/DataTables/Dist-DataTables-KeyTable.git",
  "_target": "^2.1.1",
  "_originalSource": "datatables.net-keytable",
  "_direct": true
}