{
  "name": "datatables.net-fixedheader",
  "description": "FixedHeader for DataTables ",
  "main": [
    "js/dataTables.fixedHeader.js"
  ],
  "keywords": [
    "fixed headers",
    "sticky",
    "DataTables",
    "jQuery",
    "table",
    "DataTables"
  ],
  "dependencies": {
    "jquery": ">=1.7",
    "datatables.net": ">=1.10.9"
  },
  "moduleType": [
    "globals",
    "amd",
    "node"
  ],
  "ignore": [
    "composer.json",
    "datatables.json",
    "package.json"
  ],
  "authors": [
    {
      "name": "SpryMedia Ltd",
      "homepage": "https://datatables.net"
    }
  ],
  "homepage": "https://datatables.net",
  "license": "MIT",
  "version": "3.1.1",
  "_release": "3.1.1",
  "_resolution": {
    "type": "version",
    "tag": "3.1.1",
    "commit": "dd1aadf69821f91fc2e686b8cee90f6b5e2c7bbf"
  },
  "_source": "https://github.com/DataTables/Dist-DataTables-FixedHeader.git",
  "_target": "^3.1.1",
  "_originalSource": "datatables.net-fixedheader",
  "_direct": true
}