{
  "name": "font-awesome",
  "repo": "FortAwesome/Font-Awesome",
  "description": "Font Awesome",
  "version": "4.6.3",
  "keywords": [],
  "dependencies": {},
  "development": {},
  "license": "SIL, MIT, CC BY 3.0",
  "styles": [
    "css/font-awesome.css"
  ],
  "fonts": [
    "fonts/fontawesome-webfont.eot",
    "fonts/fontawesome-webfont.svg",
    "fonts/fontawesome-webfont.ttf",
    "fonts/fontawesome-webfont.woff",
    "fonts/fontawesome-webfont.woff2",
    "fonts/FontAwesome.otf"
  ]
}
