{
  "name": "datatables.net-fixedheader-bs",
  "description": "FixedHeader for DataTables with styling for [Bootstrap](http://getbootstrap.com/)",
  "main": [
    "css/fixedHeader.bootstrap.css"
  ],
  "keywords": [
    "fixed headers",
    "sticky",
    "DataTables",
    "jQuery",
    "table",
    "Bootstrap"
  ],
  "dependencies": {
    "jquery": ">=1.7",
    "datatables.net-bs": ">=1.10.9",
    "datatables.net-fixedheader": ">=3.0.0"
  },
  "moduleType": [
    "globals",
    "amd",
    "node"
  ],
  "ignore": [
    "composer.json",
    "datatables.json",
    "package.json"
  ],
  "authors": [
    {
      "name": "SpryMedia Ltd",
      "homepage": "https://datatables.net"
    }
  ],
  "homepage": "https://datatables.net",
  "license": "MIT",
  "version": "3.1.1",
  "_release": "3.1.1",
  "_resolution": {
    "type": "version",
    "tag": "3.1.1",
    "commit": "82f97abb0351749bf53f0626996d55ffa72cfbe7"
  },
  "_source": "https://github.com/DataTables/Dist-DataTables-FixedHeader-Bootstrap.git",
  "_target": "^3.1.1",
  "_originalSource": "datatables.net-fixedheader-bs",
  "_direct": true
}