{
  "name": "datatables.net-responsive",
  "description": "Responsive for DataTables ",
  "main": [
    "js/dataTables.responsive.js"
  ],
  "keywords": [
    "responsive",
    "DataTables",
    "jQuery",
    "table",
    "DataTables"
  ],
  "dependencies": {
    "jquery": ">=1.7",
    "datatables.net": ">=1.10.9"
  },
  "moduleType": [
    "globals",
    "amd",
    "node"
  ],
  "ignore": [
    "composer.json",
    "datatables.json",
    "package.json"
  ],
  "authors": [
    {
      "name": "SpryMedia Ltd",
      "homepage": "https://datatables.net"
    }
  ],
  "homepage": "https://datatables.net",
  "license": "MIT",
  "version": "2.0.2",
  "_release": "2.0.2",
  "_resolution": {
    "type": "version",
    "tag": "2.0.2",
    "commit": "6b88a4fa07de7b229e4d1a93098e229281b611fd"
  },
  "_source": "https://github.com/DataTables/Dist-DataTables-Responsive.git",
  "_target": "^2.0.2",
  "_originalSource": "datatables.net-responsive",
  "_direct": true
}