{
  "name": "datatables.net-buttons",
  "description": "Buttons for DataTables ",
  "main": [
    "js/dataTables.buttons.js",
    "js/buttons.colVis.js",
    "js/buttons.flash.js",
    "js/buttons.html5.js",
    "js/buttons.print.js"
  ],
  "keywords": [
    "buttons",
    "excel",
    "pdf",
    "csv",
    "column visibility",
    "print",
    "DataTables",
    "jQuery",
    "table",
    "DataTables"
  ],
  "dependencies": {
    "jquery": ">=1.7",
    "datatables.net": ">=1.10.9"
  },
  "moduleType": [
    "globals",
    "amd",
    "node"
  ],
  "ignore": [
    "composer.json",
    "datatables.json",
    "package.json"
  ],
  "authors": [
    {
      "name": "SpryMedia Ltd",
      "homepage": "https://datatables.net"
    }
  ],
  "homepage": "https://datatables.net",
  "license": "MIT",
  "version": "1.1.2",
  "_release": "1.1.2",
  "_resolution": {
    "type": "version",
    "tag": "1.1.2",
    "commit": "cf57d365cc5638369d3a4196018daa54d71bc8e2"
  },
  "_source": "https://github.com/DataTables/Dist-DataTables-Buttons.git",
  "_target": "^1.1.2",
  "_originalSource": "datatables.net-buttons",
  "_direct": true
}